WKT,name,description
"LINESTRING (-122.9500033 49.1996618, -122.9503573 49.1996267, -122.9467739 49.2015896, -122.9456366 49.2006152, -122.9454328 49.1999843, -122.9441775 49.2001525, -122.9414095 49.201842, -122.9364313 49.2044988, -122.9203702 49.2131481, -122.9295219 49.2205206, -122.9213573 49.2249351, -122.9252304 49.2280041, -122.9178597 49.2319205, -122.9151453 49.2297276, -122.904513 49.2354094, -122.9042662 49.2355285, -122.9069377 49.237616, -122.9072381 49.2395844, -122.9066158 49.2408313, -122.906809 49.2415527, -122.909062 49.2429746, -122.9097809 49.2437731, -122.910725 49.245244, -122.9121841 49.2459584, -122.9124845 49.2462246, -122.9125274 49.2474362, -122.9128278 49.2476883, -122.9138364 49.2480175, -122.9144586 49.2484447, -122.9145337 49.2490961, -122.9141797 49.2499155, -122.9142655 49.2507909, -122.9152096 49.2507769, -122.9191686 49.2498664, -122.9190506 49.2508049, -122.9190184 49.25334, -122.9063798 49.2515052, -122.90285 49.2509449, -122.900479 49.2500835, -122.8976144 49.2485568, -122.895887 49.24897, -122.8957797 49.2484447, -122.8952326 49.2481016, -122.8942348 49.2480665, -122.894267 49.2474572, -122.8944386 49.2474712, -122.8951467 49.2478564)",101 - Lougheed Town Ctr Stn to 22nd St Stn,
"LINESTRING (-122.9247232 49.1998275, -122.9245515 49.2002552, -122.9221804 49.1999011, -122.9215367 49.1996558, -122.92107 49.1992772, -122.9204316 49.1991826, -122.9174276 49.1989863, -122.9157646 49.1989056, -122.9158236 49.1990879, -122.9157324 49.1992422, -122.9154964 49.1992351, -122.915094 49.1993754, -122.9141124 49.1998976, -122.9126371 49.2001956, -122.9104753 49.2006793, -122.9095365 49.2011455, -122.9103573 49.201822, -122.9115643 49.2012857, -122.9125728 49.2021129, -122.9136349 49.2015345, -122.9123314 49.2005391, -122.9109473 49.2008125, -122.909794 49.2013628, -122.9103573 49.201822, -122.9093595 49.2024248, -122.9053362 49.2046435, -122.9076697 49.2064905, -122.9083617 49.2070478, -122.9062052 49.2080852, -122.9053201 49.2073842, -122.9034157 49.2083655, -122.9018547 49.2092347, -122.9027612 49.2099776, -122.9010661 49.2109589, -122.8989471 49.2120978, -122.8985931 49.2125464, -122.8984429 49.2132437, -122.8985609 49.2136783, -122.8989632 49.2136713, -122.8995533 49.2139025, -122.9007496 49.2148767, -122.9009964 49.2149853, -122.9012324 49.2151886, -122.9013558 49.2156581, -122.9015382 49.2158614, -122.9005565 49.216422, -122.9012056 49.21686, -122.901683 49.2166253)",103 - Quayside Dr to Victoria Hill,
"LINESTRING (-122.9498692 49.1996207, -122.9502823 49.1994454, -122.9504809 49.1995679, -122.9524442 49.198499, -122.9521813 49.1983342, -122.9517253 49.1983903, -122.9512372 49.198846, -122.9505988 49.1990493, -122.9498102 49.1988916, -122.9490109 49.1981449, -122.946141 49.19533, -122.9428204 49.1922345, -122.9424985 49.1912529, -122.943094 49.1900714, -122.9459747 49.1888969, -122.9482492 49.1882027, -122.9477664 49.1872561, -122.9467525 49.1862674, -122.9444619 49.1871719, -122.9375525 49.1900679, -122.927049 49.1944712, -122.9274031 49.1947797, -122.9277625 49.1948322, -122.9358359 49.1952424, -122.9365709 49.19499, -122.9371985 49.1946254, -122.9363026 49.1943976, -122.9356106 49.1939278, -122.9332986 49.1914247, -122.9331805 49.1909269, -122.9337706 49.190103, -122.9339584 49.1893352, -122.9336955 49.1882343, -122.9326441 49.1867512, -122.9310348 49.1844371, -122.928712 49.1818318, -122.928889 49.181632, -122.9315337 49.1770768, -122.9342159 49.1737907, -122.935498 49.1714129, -122.9359915 49.1709815, -122.936603 49.1707851, -122.9384591 49.1704694, -122.9411252 49.168849, -122.9432281 49.1674741, -122.9433086 49.1674145, -122.9446336 49.165794, -122.9458191 49.1651626, -122.9515054 49.1620933, -122.9525729 49.1617425, -122.9537531 49.1616758, -122.9617943 49.1623739, -122.9629155 49.162402, -122.9648252 49.161739, -122.9659357 49.1614478, -122.9722711 49.1616197, -122.972094 49.1633912, -122.9714074 49.1639138, -122.9656406 49.1654221, -122.9637577 49.1669164, -122.9629638 49.1673934, -122.9586347 49.1686596, -122.9547616 49.169789, -122.9537585 49.1698732, -122.9522189 49.1702765, -122.9505237 49.171483, -122.9494562 49.1718829, -122.9473533 49.1721845, -122.9450252 49.1725317, -122.9441025 49.1728263, -122.9354443 49.1769891, -122.9371878 49.1787776, -122.9290929 49.1821649)",104 - 22nd St Stn to Annacis Island,
"LINESTRING (-122.9121199 49.2009291, -122.9050818 49.2046865, -122.9072061 49.2062917, -122.9054573 49.2072661, -122.9017236 49.2092567, -122.9028502 49.2100207, -122.9027107 49.2101609, -122.9029145 49.210273, -122.9045024 49.2115136, -122.9065087 49.2105183, -122.9141154 49.2164826, -122.9050067 49.221423, -122.9085579 49.224275, -122.9104354 49.2232519, -122.9139437 49.221381, -122.914094 49.2215001, -122.9149952 49.2221238, -122.9166796 49.2212268, -122.9156711 49.2203929, -122.9240288 49.216006, -122.9205098 49.2131957, -122.9207566 49.2130275, -122.924104 49.2112332, -122.9275479 49.2139456)",105 - New West Stn to Uptown,
"LINESTRING (-122.9122543 49.2016662, -122.912662 49.2020658, -122.9089069 49.2040917, -122.922157 49.2146685, -122.9222858 49.2147595, -122.9249358 49.216855, -122.9299998 49.2209546, -122.9368019 49.2262239, -122.9371774 49.2261398, -122.9514682 49.2184949, -122.9520583 49.2179763, -122.9543864 49.2166097, -122.9591179 49.2141078, -122.9578197 49.2130355, -122.9588496 49.2124888, -122.9588175 49.2120893)",106 - Edmonds Stn to New West Stn,
"LINESTRING (-122.9120645 49.2010284, -122.9088459 49.2027459, -122.9050318 49.2048418, -122.9048762 49.2048488, -122.9007778 49.2069973, -122.8983048 49.2099026, -122.8982458 49.2105404, -122.8978542 49.2109715, -122.8949842 49.2137749, -122.8942117 49.2152817, -122.8939113 49.2165012, -122.8948877 49.2166343, -122.8954348 49.2166729, -122.8961698 49.2171039, -122.896497 49.2177206, -122.896497 49.2191922, -122.8970388 49.2195881, -122.8976396 49.2197038, -122.8980312 49.2196757, -122.8984282 49.2198579, -122.8987876 49.2201838, -122.8988037 49.2205587, -122.8930155 49.2204816, -122.8925541 49.240421, -122.8928331 49.2480626, -122.8943727 49.2480276, -122.8943512 49.2475093, -122.8949252 49.2477614)",109 - New West Stn to Lougheed Town Ctr Stn via Columbia St,
"LINESTRING (-123.003725 49.2259634, -122.9986879 49.2235198, -122.9983124 49.2236039, -122.996746 49.2252085, -122.9941711 49.2252155, -122.994214 49.2297207, -122.9942569 49.2354234, -123.0033764 49.2353884, -123.0033764 49.2430097, -123.0020568 49.2427926, -122.9996106 49.241826, -122.9937634 49.2413076, -122.9908666 49.2401378, -122.9890427 49.2398086, -122.9890212 49.241882, -122.9756745 49.2418119, -122.9751274 49.2424704, -122.9743871 49.2428906, -122.9741832 49.2433389, -122.9737112 49.2432899, -122.9733571 49.243458, -122.9733893 49.2436681, -122.9741832 49.2437031, -122.9742798 49.2443965, -122.9746768 49.24523, -122.9747841 49.2499645, -122.9664585 49.2499435, -122.9667267 49.2546706, -122.9682073 49.2578217, -122.9688939 49.2595512, -122.9685935 49.2602444, -122.9680249 49.2606015, -122.9646238 49.2596002, -122.9645112 49.2582418, -122.9644978 49.2584974, -122.9642483 49.2585219, -122.9641089 49.259019, -122.9638514 49.259005, -122.9639479 49.2584729, -122.9644549 49.2584974, -122.9645112 49.2582418, -122.9550967 49.2503427, -122.948917 49.2498838, -122.9487344 49.250994, -122.948917 49.2498838, -122.9550967 49.2503427, -122.9645112 49.2582418, -122.9646238 49.2596002, -122.9589509 49.2588565, -122.9552213 49.2586227, -122.9514059 49.2579967, -122.9486593 49.2570514, -122.9487344 49.250994, -122.918919 49.2508119, -122.9188868 49.253235, -122.9189083 49.2543064, -122.9184577 49.2549997, -122.9173419 49.2556999, -122.9167303 49.2571354, -122.9168162 49.2577306, -122.9121706 49.2577937, -122.9103788 49.2568413, -122.9098102 49.255777, -122.9096064 49.2550487, -122.9074821 49.2553778, -122.9061302 49.255868, -122.9051324 49.255903, -122.9035339 49.2549227, -122.9025897 49.2540123, -122.9024395 49.2536902, -122.9017421 49.2534871, -122.8935668 49.2534381, -122.8930196 49.2534241, -122.8930089 49.2481716, -122.8932878 49.2481366, -122.8941568 49.2481646, -122.894189 49.2474082, -122.8944465 49.2474012, -122.895219 49.2477864)",110 - Metrotown Stn to Lougheed Town Ctr Stn,
"LINESTRING (-122.9123009 49.2008638, -122.9129875 49.2004431, -122.9149616 49.2001768, -122.9193819 49.2002679, -122.9223431 49.2007236, -122.9222787 49.2011302, -122.9227079 49.2016139, -122.9304863 49.2075371, -122.9388226 49.2141465, -122.9414726 49.2158846, -122.9428566 49.2165784, -122.9432321 49.216249, -122.946888 49.2142376, -122.9477329 49.2140344, -122.9492939 49.2132354, -122.952534 49.2114903, -122.9536069 49.2099063, -122.9537678 49.2097591, -122.9562248 49.2116304, -122.9576946 49.2130812, -122.9581452 49.2129691, -122.9588533 49.2125906, -122.9589821 49.2123594, -122.9588962 49.2120019)",112 - New West Stn to Edmonds Stn,
"LINESTRING (-123.0032453 49.2259305, -122.9977092 49.2231838, -122.9972371 49.2226933, -122.997044 49.2219785, -123.0049404 49.2219084, -123.0050692 49.220521, -123.0049404 49.2147884, -123.0049298 49.2122164, -123.0123862 49.2123635, -123.0124077 49.2092375, -123.0132929 49.2092484, -123.0151328 49.2087189, -123.0151328 49.2053824, -123.0179223 49.2054313, -123.017917 49.206807, -123.015165 49.2068228, -123.0151328 49.2087189, -123.020427 49.2081584, -123.0198741 49.2087476, -123.01997 49.2107951, -123.0209344 49.211778, -123.0208034 49.2148374, -123.0049404 49.2147884, -123.0049298 49.2122164, -123.0123862 49.2123635, -123.0124077 49.2092375, -123.0132929 49.2092484, -123.0151328 49.2087189, -123.0151328 49.2053824, -123.0234798 49.2055366, -123.0232224 49.202985, -123.0227074 49.2023821, -123.0210551 49.2018634, -123.0132016 49.200223, -123.0092749 49.2001389, -123.0042323 49.2001389, -123.0020651 49.1996201, -123.0000052 49.1988349, -122.9974946 49.1968859, -122.9905209 49.191361, -122.9883966 49.1896782, -122.9868301 49.1891032, -122.9847487 49.1888087, -122.9814443 49.1888929, -122.9789766 49.1895099, -122.9690846 49.195063, -122.9685053 49.1966335, -122.9751786 49.197573, -122.9766377 49.1980637, -122.9786548 49.1991995, -122.9819163 49.2020737, -122.9765948 49.2048216, -122.9711017 49.2056067, -122.9629263 49.2057048, -122.9585489 49.2045552, -122.9567894 49.2041487, -122.954987 49.2045132, -122.9521545 49.205831, -122.952927 49.206546, -122.9530772 49.2080179, -122.9533133 49.2094759, -122.9556307 49.2112842, -122.9565748 49.2122233, -122.9577979 49.2133587, -122.9586991 49.212714, -122.9585489 49.2121953)",116 - Metrotown Stn to Edmonds Stn,
"LINESTRING (-123.0037914 49.2260363, -123.0056796 49.2268981, -123.0027078 49.2295115, -122.9906056 49.2255528, -122.9764006 49.2210052, -122.9742227 49.2204516, -122.9681073 49.2190921, -122.9677532 49.2190431, -122.9654036 49.2184965, -122.9644916 49.2184264, -122.953044 49.2183983, -122.951381 49.2183213, -122.952529 49.2175994, -122.9589019 49.2141164, -122.9577003 49.212974, -122.958741 49.2124483, -122.95858 49.2120909)",119 - Metrotown Stn to Edmonds Stn,
"LINESTRING (-122.9120293 49.2009783, -122.9118362 49.2010344, -122.9113427 49.2012938, -122.9133811 49.2027028, -122.927157 49.2137004, -122.9403105 49.2235043, -122.9555562 49.2364097, -122.9572835 49.2378318, -122.9589036 49.2382731, -122.9658881 49.2400734, -122.9670897 49.2408859, -122.9730335 49.2445702, -122.9752221 49.2458379, -122.9763379 49.2461531, -122.9770782 49.2465313, -122.9779795 49.2474278, -122.978473 49.24775, -122.9795673 49.2481492, -122.9801574 49.2485204, -122.9810157 49.2492978, -122.9820779 49.2499211, -122.9832259 49.2500261, -122.9871311 49.2500401, -122.9878929 49.2500962, -122.9888478 49.2506494, -122.9890516 49.2510976, -122.988998 49.2530655, -122.9892018 49.2535557, -122.9897597 49.2540459, -122.9904785 49.254298, -122.9929033 49.254389, -122.9942015 49.2545431, -122.9970768 49.2547391, -123.0043617 49.2546271, -123.0039218 49.2601309, -123.0032244 49.2614473, -123.00316 49.2663622, -123.002012 49.2663552)",123 - New West Stn to Brentwood Town Ctr Stn via Canada Way,
"LINESTRING (-122.9496768 49.1996681, -122.9502186 49.1994087, -122.9521337 49.2008528, -122.9471126 49.2035202, -122.9317597 49.2118263, -122.915366 49.2206215, -122.9057476 49.2258243, -122.9054418 49.2259259, -122.894536 49.2316746, -122.8942034 49.2317306, -122.8932056 49.2316396, -122.8862265 49.231608, -122.8861997 49.2323962, -122.8857598 49.2325293, -122.8833458 49.2324838, -122.8832117 49.2330548)",128 - Braid Stn to 22nd St Stn via 8th St,
"LINESTRING (-123.0124116 49.2294486, -123.0127066 49.2295747, -123.0126744 49.2326784, -123.0113441 49.2323806, -123.0111027 49.2327344, -123.0111188 49.2340585, -123.0134737 49.2340515, -123.0135166 49.2429653, -123.0198306 49.2430284, -123.0198091 49.2488521, -123.0160862 49.2487996, -123.0122292 49.2491953, -123.0107915 49.2493284, -123.0101478 49.2492583, -123.010121 49.2497346, -123.0107325 49.2503439, -123.0108291 49.2515134, -123.0107808 49.2550919, -123.0118751 49.2564714, -123.0119824 49.2570526, -123.0121755 49.2589187, -123.0141711 49.2607182, -123.014273 49.2612013, -123.0142516 49.2709748, -123.0142838 49.2739534, -123.0141872 49.2810543, -123.0141818 49.2811453, -123.0141067 49.2810823, -122.9967046 49.2810088, -122.9960608 49.2810088, -122.9940706 49.2809738, -122.9931158 49.2806799, -122.9925364 49.2802879, -122.991544 49.2800989, -122.9892212 49.2803649, -122.9869628 49.2803754, -122.9808903 49.2803544, -122.9809117 49.2801934, -122.9809761 49.2774322, -122.9809975 49.2753428, -122.9811746 49.2748563, -122.9812389 49.2644465)",129 - Patterson Stn to Holdom Stn,
"LINESTRING (-123.0044832 49.2261422, -123.0077663 49.2276836, -123.0035176 49.231467, -123.0034962 49.2401397, -123.0034104 49.2439781, -123.0032387 49.2442863, -123.003346 49.2467517, -123.0044618 49.2481384, -123.0042901 49.2519763, -123.0039683 49.2579565, -123.0038395 49.2606313, -123.0035176 49.2614155, -123.0032387 49.26367, -123.0031529 49.2681087, -123.0030456 49.2810445, -123.023584 49.281128, -123.031627 49.2811966, -123.0314555 49.2865173, -123.027915 49.2894985, -123.026177 49.2913738, -123.0264774 49.3036599, -123.0279794 49.3054088, -123.0285802 49.3053388)",130 - Metrotown Stn to Kootenay Loop (occasionally Phibbs Exchange) via Willingdon Ave,
"LINESTRING (-123.0256928 49.2813695, -123.0257089 49.2820763, -123.0234719 49.2820693, -123.02337 49.2883854, -123.0208916 49.2883749, -123.0208916 49.2874791, -123.0029638 49.2873357, -123.0031408 49.2811035, -123.011005 49.2811175, -123.0139394 49.2811175, -123.016289 49.281135, -123.0162675 49.2820063, -123.0142022 49.2819959, -123.0141754 49.2812015)",131 - Kootenay Loop to Hastings @ Gilmore,
"LINESTRING (-122.9891048 49.2845953, -122.9889975 49.2864078, -122.9835151 49.2862889, -122.9836009 49.2843643, -122.9904728 49.2845358, -122.9905425 49.2829436, -122.9918407 49.2836855, -122.9927956 49.2845743, -122.9941152 49.285841, -122.9944156 49.2861349, -122.9946624 49.2861349, -122.9946731 49.2811169, -122.9950701 49.2810469, -123.0038355 49.2811519, -123.0162059 49.2812009, -123.0162059 49.2819428, -123.0143391 49.2819288, -123.0142854 49.2812429)",132 - Capitol Hill to Hastings @ Gilmore,
"LINESTRING (-122.9811859 49.2644621, -122.9812449 49.2634084, -122.9845172 49.2634469, -122.9870331 49.2628553, -122.9859387 49.2622672, -122.9834443 49.2595575, -122.9832404 49.2591199, -122.9824411 49.2561999, -122.9821461 49.2553526, -122.981851 49.2522504, -122.9810732 49.2499638, -122.9808157 49.2491689, -122.9801237 49.2485841, -122.9796033 49.248248, -122.9784124 49.2477787, -122.9779404 49.2474916, -122.9770499 49.2465706, -122.9762774 49.2461854, -122.9751884 49.2458772, -122.9746198 49.2455795, -122.9745823 49.2451978, -122.974196 49.2443468, -122.9741316 49.243748, -122.9733967 49.2437024, -122.9733323 49.2436394, -122.9733109 49.2434223, -122.973681 49.2432296, -122.9742604 49.2432892, -122.974314 49.2440631, -122.9735952 49.2448406, -122.9733592 49.2448966, -122.9712241 49.2435658, -122.9694217 49.2423891, -122.9658329 49.2401371, -122.9646205 49.2397904, -122.9574912 49.2379306, -122.9571103 49.2378115, -122.9544389 49.2355908, -122.9616218 49.2315381, -122.9650604 49.2295623, -122.9648029 49.2293206, -122.9647546 49.227054, -122.9609995 49.2271031, -122.9608493 49.2270435, -122.9571533 49.2240271, -122.9610693 49.221988, -122.9610156 49.2158107, -122.9605919 49.2151168, -122.9578238 49.2129898, -122.9587733 49.2124851, -122.9587519 49.2121277)",133 - Holdom Stn to Edmonds Stn,
"LINESTRING (-122.9369908 49.2609346, -122.9374843 49.2603919, -122.9378759 49.2595972, -122.9380261 49.2543034, -122.9379832 49.2555569, -122.937892 49.2555289, -122.9316961 49.2555324, -122.9312509 49.2557005, -122.930752 49.2562572, -122.9302692 49.2563797, -122.9277157 49.2563482, -122.927705 49.2607946, -122.9279249 49.2609171, -122.9389649 49.2609101, -122.9432833 49.2609031, -122.9453003 49.2613302, -122.9475158 49.2612917, -122.9536527 49.2610816, -122.9548436 49.2611551, -122.9559647 49.2613652, -122.9560345 49.2587605, -122.9600846 49.2588445, -122.9633784 49.2593171, -122.9647624 49.2595412, -122.9646551 49.2585084, -122.9639738 49.2585294, -122.9638934 49.258967, -122.9640597 49.258967, -122.9641884 49.2585714, -122.9646015 49.2586064, -122.964698 49.2597303, -122.9647839 49.2607105, -122.9652345 49.2608576, -122.9675626 49.2608646, -122.9683941 49.2618413, -122.9662162 49.2617958, -122.9646766 49.2616103, -122.964639 49.2732387, -122.9646927 49.2803748, -122.9700839 49.2803748, -122.9700571 49.2776591, -122.9701322 49.2752127, -122.9703092 49.2752127, -122.9646229 49.2752022, -122.9715806 49.2752162, -122.9792463 49.2752197, -122.9807698 49.2754752, -122.9895621 49.2755137, -122.9922229 49.2755242, -122.9922175 49.2723672, -122.9922497 49.2683034, -122.9971581 49.2683489, -122.9988533 49.2694165, -122.9998564 49.2700606, -123.0001085 49.2701516, -123.003059 49.2701691, -123.0030536 49.2664622, -123.0018895 49.2664412)",134 - Lake-City Way Stn to Brentwood Stn,
"LINESTRING (-122.8947803 49.2476982, -122.8944799 49.2476281, -122.8945764 49.2480484, -122.8950914 49.2480274, -122.8954777 49.2480974, -122.8958961 49.2483775, -122.8960248 49.2488958, -122.8973981 49.2484756, -122.9006275 49.2502825, -122.9023334 49.2508497, -122.903653 49.2511859, -122.9095324 49.2520123, -122.9186734 49.2533498, -122.9188129 49.253742, -122.9187485 49.2542322, -122.9180619 49.2540431, -122.9179546 49.2536089, -122.9182872 49.2536159, -122.9183623 49.2539801, -122.9186949 49.2539871, -122.9188236 49.2547084, -122.9183837 49.2552056, -122.9175576 49.2556747, -122.9170748 49.256571, -122.9169031 49.2573273, -122.916828 49.2580625, -122.9168173 49.2591409, -122.9153797 49.2603592, -122.9134592 49.2615075, -122.9121717 49.2619066, -122.9099294 49.2618086, -122.908996 49.2618506, -122.9072687 49.2625157, -122.906067 49.2630689, -122.9047796 49.2632859, -122.9037925 49.2632439, -122.9029878 49.263608, -122.9027733 49.2641681, -122.9030522 49.2647912, -122.9037711 49.2650923, -122.904447 49.2650993, -122.9056915 49.2646652, -122.9070648 49.263944, -122.9078373 49.263559, -122.9093822 49.263489, -122.9166993 49.2642451, -122.9211625 49.2648822, -122.9241451 49.2643711, -122.9252395 49.2646092, -122.9275569 49.2646022, -122.927632 49.2627468, -122.9282006 49.2618926, -122.9282864 49.2615425, -122.927868 49.2609894, -122.9300245 49.2609614, -122.9370197 49.2609964, -122.9364725 49.2616055, -122.9364082 49.2621307, -122.9366549 49.2628238, -122.9369983 49.2634119, -122.9370304 49.2664225, -122.9369875 49.2673116, -122.9373952 49.2678157, -122.9376634 49.2682567, -122.9384896 49.2688518, -122.940571 49.2698809, -122.9421374 49.2701399, -122.9452702 49.2703149, -122.9459568 49.2691108, -122.9472872 49.2677596, -122.9480597 49.2679697, -122.9579088 49.2679627, -122.9756543 49.2680117, -122.9756972 49.2666955, -122.9766306 49.2656383, -122.9767164 49.2646022, -122.9768022 49.2644551, -122.9811849 49.2657539, -122.9811474 49.2653233, -122.981126 49.2634049, -122.9841408 49.263503, -122.9849669 49.263503, -122.9872414 49.2628658, -122.9891833 49.263629, -122.9920908 49.2649592, -122.9927882 49.2653233, -122.9956313 49.2659744, -122.9974982 49.2663035, -123.0013176 49.2664085)",136 - Lougheed Town Ctr Stn to Brentwood Town Ctr Stn,
"LINESTRING (-122.9126056 49.2783892, -122.9090758 49.2777732, -122.9096444 49.2761703, -122.9095264 49.2755614, -122.9104169 49.2753584, -122.9132815 49.2754004, -122.913936 49.2755264, -122.9148694 49.2760653, -122.9152449 49.2763173, -122.9165431 49.2765903, -122.9187425 49.2770243, -122.9206093 49.2777172, -122.9208561 49.2780112, -122.9202874 49.2794426, -122.9208561 49.2780112, -122.9206093 49.2777172, -122.9187425 49.2770243, -122.9152449 49.2763173, -122.9146284 49.2759321, -122.913936 49.2755264, -122.9132815 49.2754004, -122.9104169 49.2753584, -122.9095264 49.2755614, -122.9096444 49.2761703, -122.9090758 49.2777732, -122.9126056 49.2783892, -122.9090758 49.2777732, -122.9096403 49.2762136, -122.9095264 49.2755614, -122.9096403 49.2762136, -122.9090758 49.2777732, -122.9096403 49.2762136, -122.9095264 49.2755614, -122.9104169 49.2753584, -122.9132815 49.2754004, -122.913936 49.2755264, -122.9152449 49.2763173, -122.9187425 49.2770243, -122.9206093 49.2777172, -122.9208561 49.2780112, -122.9202874 49.2794426, -122.9200916 49.280153, -122.9193271 49.280041, -122.9183803 49.280216, -122.9172846 49.2806884, -122.9143597 49.2809115, -122.9127074 49.2807156, -122.9116909 49.2806582, -122.9110459 49.280521, -122.9105617 49.2802886, -122.9110459 49.280521, -122.9116909 49.2806582, -122.9110459 49.280521, -122.9105617 49.2802886, -122.9120557 49.2792899, -122.9126056 49.2783892, -122.9120557 49.2792899, -122.9105617 49.2802886, -122.9110459 49.280521, -122.9116909 49.2806582, -122.9127074 49.2807156, -122.9143597 49.2809115, -122.9172846 49.2806884, -122.9183803 49.280216, -122.9193271 49.280041, -122.9215213 49.2803629, -122.9222346 49.2805196, -122.9231198 49.2808179, -122.9251476 49.2812378, -122.9262956 49.2813708, -122.9277332 49.2813008, -122.9292782 49.2809019, -122.9324325 49.279824, -122.9332693 49.2793551, -122.9337521 49.2787041, -122.9336019 49.2777172, -122.9325934 49.2769543, -122.931027 49.2763523, -122.9307373 49.2762893, -122.9302545 49.2769053, -122.9296966 49.2772273, -122.9291816 49.2772273, -122.9261239 49.2769613, -122.9251691 49.2769473, -122.921414 49.2776682, -122.9208131 49.2780182, -122.9214354 49.2776542, -122.9251798 49.2769543, -122.9261561 49.2769613, -122.9291816 49.2772273, -122.9297074 49.2772273, -122.930276 49.2768843, -122.9307266 49.2762823, -122.9279693 49.2747774, -122.9257162 49.2736924, -122.9231198 49.2710603, -122.9215105 49.2698633, -122.915438 49.267112, -122.9118868 49.2655017, -122.910256 49.2654037, -122.9084213 49.2656067, -122.9026063 49.267742, -122.9007502 49.267532, -122.8996237 49.2668949, -122.8990765 49.2662718, -122.8992482 49.2649346, -122.9002138 49.2640875, -122.8995379 49.2635344, -122.8985508 49.2631493, -122.893004 49.2629042, -122.8905256 49.2630373, -122.8900214 49.2630723, -122.8879829 49.2632053, -122.8901716 49.2614339)",143 - Burquitlam Stn to SFU,
"LINESTRING (-123.0034234 49.2257053, -122.9984881 49.223351, -122.9967393 49.2253129, -122.994336 49.2252779, -122.9943682 49.2268124, -122.9944541 49.2299653, -122.9884137 49.2299092, -122.9866649 49.2295939, -122.9824378 49.2295659, -122.9799058 49.2288723, -122.9788972 49.2287251, -122.9780067 49.2288092, -122.9767193 49.2293067, -122.9756679 49.2294888, -122.9707648 49.2293627, -122.9695417 49.2292366, -122.9676963 49.2293347, -122.9657759 49.2293347, -122.9651643 49.2295379, -122.9560126 49.2347643, -122.9546715 49.2355559, -122.9573216 49.2377625, -122.9659475 49.2399691, -122.9647459 49.2390374, -122.9651536 49.2390304, -122.9656686 49.2387432, -122.9663445 49.2388133, -122.9671384 49.238407, -122.9675139 49.238407, -122.9681899 49.2389954, -122.9680826 49.2395768, -122.9679967 49.239857, -122.9681148 49.2411039, -122.9687048 49.2415732, -122.9691662 49.2417763, -122.9739191 49.2417693, -122.9743268 49.2418323, -122.9754104 49.2418113, -122.9752602 49.2421896, -122.974477 49.2427429, -122.9741229 49.2434924, -122.9735757 49.2434503, -122.9735221 49.2436255, -122.9741444 49.2436535, -122.9745413 49.2448302, -122.9748203 49.2451383, -122.9748096 49.2485702, -122.9747988 49.25009, -122.9666986 49.2500059, -122.966838 49.2554052, -122.9689623 49.2592145, -122.9689087 49.2599777, -122.9681791 49.2606849, -122.9676749 49.2603488, -122.9647624 49.2595412, -122.9647459 49.2585353, -122.9638769 49.2584092, -122.9637696 49.2590674, -122.9641987 49.2591024, -122.9642953 49.2586403, -122.9645099 49.2586683, -122.9646279 49.2604888, -122.9648317 49.2608529, -122.9657437 49.260993, -122.967471 49.2609369, -122.9681362 49.2617491, -122.9536527 49.2610816, -122.9533733 49.261098, -122.9534162 49.2803421, -122.951367 49.2803561, -122.949983 49.2799292, -122.9433848 49.2759675, -122.9419042 49.2754215, -122.9354776 49.2740496, -122.9305209 49.2737486, -122.9285146 49.2737766, -122.9271306 49.2735106, -122.925811 49.2735876, -122.930757 49.2761635, -122.9303171 49.2767095, -122.929609 49.2771504, -122.9273666 49.2770665, -122.9246952 49.2768915, -122.9227103 49.2773604, -122.920983 49.2776754, -122.9201569 49.2801951, -122.9197277 49.2801391, -122.9193093 49.2800796, -122.9183008 49.2802861, -122.917421 49.2807551, -122.9142345 49.280958, -122.9125072 49.28079, -122.9117347 49.2807481, -122.9111768 49.2806501, -122.9104258 49.2803211, -122.9120137 49.2792083, -122.9124428 49.2784313, -122.9090382 49.2776849, -122.9095638 49.2756131, -122.9104169 49.2753584, -122.913936 49.2755264, -122.9153682 49.276334, -122.9187371 49.2770593, -122.920983 49.2776754, -122.9201569 49.2801951, -122.922023 49.2803643, -122.9232582 49.2808186, -122.9257856 49.2812767, -122.9262994 49.2813107, -122.9276929 49.2812467, -122.9299018 49.2806438, -122.9324761 49.2797194, -122.9331409 49.2793412, -122.9336449 49.2786622, -122.9335 49.2777067, -122.932462 49.276977, -122.930757 49.2761635)",144 - Metrotown Stn to SFU,
"LINESTRING (-122.9182768 49.2539064, -122.9182553 49.2536683, -122.9180273 49.2536421, -122.9181561 49.2540325, -122.9188588 49.2541725, -122.9189178 49.2544877, -122.9183545 49.2551687, -122.9174372 49.2556991, -122.9170939 49.2560055, -122.9168042 49.25669, -122.9167184 49.2591495, -122.9166594 49.2593998, -122.9153237 49.2604624, -122.9145512 49.2609017, -122.9103374 49.2609052, -122.9095945 49.2606724, -122.9088005 49.2600668, -122.907041 49.260823, -122.8997481 49.2643448, -122.8991312 49.2649294, -122.8990024 49.2662631, -122.8996917 49.2670682, -122.900778 49.2676108, -122.9014164 49.2676808, -122.9026985 49.267637, -122.9034602 49.267511, -122.9065797 49.2663348, -122.9086396 49.2656172, -122.9102918 49.2654404, -122.9118904 49.2655665, -122.9165038 49.2676213, -122.9219514 49.2700925, -122.9230967 49.2709431, -122.9251754 49.2730466, -122.9261222 49.2739444, -122.9306552 49.2761843, -122.930395 49.2768878, -122.9298585 49.2772132, -122.9296037 49.2772815, -122.9281553 49.2771783, -122.9256716 49.276984, -122.9251539 49.2769998, -122.923373 49.277334, -122.9214418 49.2777085, -122.9209724 49.2779989, -122.9206183 49.2790138, -122.9206076 49.2794513, -122.9203716 49.279845, -122.9200175 49.2800987, -122.9196045 49.2800427, -122.9190841 49.2800392, -122.9181936 49.2802334, -122.9173326 49.2806201, -122.9170403 49.2806866, -122.9156857 49.2807724, -122.9143822 49.2808633, -122.9133898 49.2807671, -122.912392 49.2806569, -122.9117054 49.2806166, -122.9110563 49.2804732, -122.9106942 49.2802737, -122.9121399 49.2792886, -122.912687 49.2783664, -122.9109785 49.2780549, -122.9092297 49.2776822, -122.9097205 49.2761336, -122.9096535 49.2756366, -122.9104125 49.2754231, -122.9132476 49.2754371, -122.9137438 49.2754423, -122.9140925 49.2755368, -122.9154309 49.2763016, -122.9163509 49.2765098, -122.9187757 49.2769998, -122.9190305 49.2770733, -122.9208731 49.2777697, -122.9206264 49.2784609, -122.9203045 49.2790663, -122.9200014 49.2794268, -122.9199585 49.2796578, -122.9200202 49.2800375, -122.9204198 49.2801564, -122.9221391 49.2803577, -122.923027 49.2806901, -122.9233622 49.2808021, -122.9257655 49.281229, -122.9263153 49.2812693, -122.9276618 49.2812028, -122.9299068 49.2805974, -122.9324254 49.2796963, -122.9331255 49.2792798, -122.9335922 49.2786656, -122.9334554 49.2777347, -122.9324817 49.2770278, -122.9312989 49.2764783, -122.9306605 49.2761843)",145 - Production Way-University Stn to SFU,
"LINESTRING (-123.0045175 49.2259024, -123.0077898 49.2274999, -123.0124354 49.2229945, -123.0125963 49.2221115, -123.0124247 49.217066, -123.0123388 49.2148585, -123.0209541 49.2149215, -123.0210184 49.2116625, -123.0200958 49.2107514, -123.0200099 49.2087188, -123.0206644 49.2080949, -123.0200743 49.2080599, -123.0154716 49.2085576, -123.0144953 49.2087748, -123.0133259 49.2091603, -123.0122315 49.2091884, -123.0123495 49.2149075)",146 - Metrotown Stn to Suncrest,
"LINESTRING (-123.0046792 49.2261501, -123.0079945 49.2276355, -123.0126293 49.222983, -123.0127259 49.2217497, -123.0124684 49.21491, -123.0118998 49.214847, -122.9884251 49.214868, -122.9884787 49.2130037, -122.9719348 49.2129477, -122.9720099 49.2147629, -122.9616673 49.2146647, -122.960691 49.214903, -122.9603477 49.2151063, -122.9587276 49.2136976, -122.9577835 49.2131369, -122.9585989 49.2126673, -122.9586311 49.2120365)",147 - Metrotown Stn to Edmonds Stn via Rumble ,
"LINESTRING (-122.9885514 49.2185057, -122.9885487 49.2198529, -122.9851128 49.21921, -122.9850431 49.2184706, -122.9885514 49.2185057, -122.9884334 49.2149456, -122.9939802 49.2149596, -122.9939695 49.2104671, -122.9948385 49.2092545, -122.9975315 49.2083083, -122.9980894 49.2079227, -122.9979928 49.2077966, -122.9941733 49.207355, -122.9915662 49.2068854, -122.9884978 49.2067732, -122.9869958 49.2066891, -122.984217 49.2062966, -122.9822858 49.2062195, -122.980773 49.2061914, -122.9794427 49.2057919, -122.9782518 49.2054063, -122.975076 49.206612, -122.9733272 49.2083153, -122.9728015 49.2094297, -122.9718896 49.2113642, -122.9718788 49.2138943, -122.9718896 49.2146723, -122.961547 49.2146092, -122.9604419 49.2149526, -122.9587038 49.2135229, -122.9582532 49.2131514, -122.9588218 49.2127239, -122.9587575 49.212023)",148 - Royal Oak Stn to Edmonds Stn,
