WKT,name,description
"LINESTRING (-123.1212281 49.2843938, -123.1191628 49.2857776, -123.1179396 49.2865806, -123.1203108 49.2873786, -123.1215286 49.2865283, -123.1212254 49.2863166, -123.1197207 49.2859999, -123.1191145 49.2857445, -123.1278049 49.2800335, -123.1324398 49.2769748, -123.1334858 49.2766109, -123.1378095 49.2752319, -123.1444131 49.273076, -123.1450193 49.2726244, -123.1451856 49.2724249, -123.1560217 49.2725789, -123.1580602 49.2726419, -123.1646853 49.2727329, -123.1650661 49.2726804, -123.16814 49.2714554, -123.168258 49.2711929, -123.1682258 49.2708149, -123.1684511 49.2648327, -123.1682204 49.2641255, -123.1681936 49.263702, -123.1682472 49.2623682, -123.168329 49.2576191, -123.1683251 49.2577889, -123.1722317 49.2578134, -123.1760803 49.2578694, -123.1761524 49.2578273, -123.1761321 49.2577499, -123.1760421 49.2576935, -123.1722303 49.2576646, -123.168329 49.2576191, -123.1683921 49.2571937, -123.1680917 49.256651, -123.1677805 49.2561749, -123.1677376 49.2558072, -123.1678878 49.2484575, -123.1682151 49.2483525, -123.1715034 49.2499738, -123.172115 49.2499388, -123.1708919 49.248363, -123.1703018 49.2479463, -123.1702053 49.2477082, -123.1703072 49.2370509, -123.1703179 49.2347637, -123.1832837 49.2347952, -123.1835224 49.2347829, -123.1838416 49.2347899, -123.1847106 49.2347987, -123.1858962 49.2348057, -123.1858425 49.2345325, -123.1857192 49.2343538, -123.185396 49.2343757, -123.185341 49.2348039)",2 - Downtown to Dunbar Loop via Macdonald (Some trips to 16th Ave),
"LINESTRING (-123.0996366 49.2813775, -123.0996378 49.2822026, -123.1041022 49.2822787, -123.1090113 49.2833072, -123.111367 49.2846293, -123.1121196 49.2852092, -123.1128599 49.2847089, -123.1095071 49.2825008, -123.108386 49.2822139, -123.1043144 49.2814755, -123.0996366 49.2813775, -123.1001194 49.2719246, -123.1005969 49.270955, -123.1006934 49.2695899, -123.1010796 49.2612445, -123.1010796 49.261108, -123.1012835 49.2552227, -123.1008704 49.2545399, -123.1022646 49.2133151, -123.1022849 49.2111063, -123.1022785 49.2117617, -123.1002648 49.2117314, -123.100317 49.2107058, -123.1010517 49.2107459, -123.1022849 49.2111063, -123.1049327 49.2119925, -123.1076664 49.2124581, -123.1114729 49.2117601, -123.1147924 49.2110256, -123.1151968 49.2094247, -123.1161805 49.2092536)",3 - Waterfront to Marine Drive Stn via Main St,
"LINESTRING (-123.215164 49.264828, -123.2151572 49.2636958, -123.2296127 49.2632072, -123.2317016 49.2634902, -123.233519 49.264056, -123.2364247 49.2657194, -123.238245 49.2663856, -123.2414568 49.2667654, -123.2486096 49.265788, -123.2414568 49.2667654, -123.238245 49.2663856, -123.2364247 49.2657194, -123.233519 49.264056, -123.2317016 49.2634902, -123.2296127 49.2632072, -123.2151572 49.2636958, -123.215164 49.264828, -123.2151472 49.2654306, -123.215164 49.264828, -123.2150259 49.2691363, -123.2061209 49.2689543, -123.2047476 49.2686287, -123.2031705 49.2682647, -123.2021405 49.2682087, -123.2008584 49.2683942, -123.2000431 49.2686007, -123.1993189 49.2687512, -123.1902423 49.2685902, -123.1889333 49.2686637, -123.1751736 49.2684747, -123.1623687 49.2682857, -123.1459429 49.2680442, -123.1454118 49.2680197, -123.1378451 49.2678755, -123.1366689 49.2675093, -123.136072 49.266695, -123.1384724 49.2667817, -123.1379668 49.2691563, -123.1334278 49.2723911, -123.1229936 49.2793141, -123.1211723 49.2802802, -123.1149763 49.2841898, -123.1101253 49.2811696, -123.1043103 49.2800921, -123.0999116 49.2801693, -123.0998688 49.2833816, -123.0845907 49.2826811, -123.0998688 49.2833816, -123.0999116 49.2801693, -123.1043103 49.2800921, -123.1101253 49.2811696, -123.1149763 49.2841898, -123.1128965 49.2857822, -123.1119158 49.2853492, -123.1089546 49.2833957, -123.103912 49.2824225, -123.0871482 49.2820444, -123.0852465 49.2825901, -123.0845907 49.2826811, -123.0822834 49.2825306, -123.0782383 49.2829977, -123.0728576 49.2834517, -123.0657416 49.2847845, -123.0591312 49.2848105, -123.0565717 49.284806, -123.0564584 49.2887065, -123.0503808 49.2887336, -123.0440482 49.2887155, -123.0440899 49.2877128, -123.0466964 49.2877433, -123.0467387 49.2887114)",4 - UBC to PNE via Powell,
"LINESTRING (-123.1110538 49.2808462, -123.1100131 49.2815478, -123.1103833 49.2817245, -123.1113301 49.2823859, -123.1134276 49.2837297, -123.116319 49.2856402, -123.1178157 49.2866182, -123.1194438 49.2855913, -123.1229092 49.2833045, -123.1236361 49.2838207, -123.12708 49.2860339, -123.1301619 49.2880826, -123.1341208 49.290607, -123.1354539 49.2914835, -123.1376828 49.2899982, -123.1418295 49.2872393)",5 - Downtown to West End via Robson St,
"LINESTRING (-123.1418295 49.2872393, -123.1215244 49.274145, -123.1194001 49.274481, -123.1181127 49.276175, -123.1110538 49.2808462)",6 - Downtown to West End via Davie St,
"LINESTRING (-123.1853636 49.2347467, -123.1854333 49.2344034, -123.1856908 49.2344069, -123.1858249 49.2347432, -123.1853636 49.2347467, -123.1851275 49.257912, -123.1840278 49.257891, -123.1840225 49.2599006, -123.1859376 49.2612169, -123.1858142 49.2657854, -123.1857498 49.2686418, -123.1817211 49.2686348, -123.1710674 49.2684527, -123.1544538 49.2682147, -123.145581 49.2680642, -123.1376471 49.2679172, -123.1367351 49.2676406, -123.1360646 49.2669335, -123.1360056 49.266622, -123.138559 49.266762, -123.1381674 49.2688868, -123.1379958 49.2693103, -123.1362845 49.2704339, -123.1324007 49.2731535, -123.1295575 49.275033, -123.123029 49.2793307, -123.1219401 49.2800096, -123.114727 49.2842509, -123.1104476 49.2814525, -123.1043384 49.2801931, -123.0999889 49.2802353, -123.0997679 49.2832866, -123.0999889 49.2802353, -123.0997679 49.2832866, -123.0847164 49.2827252, -123.0997679 49.2832866, -123.0999889 49.2802353, -123.1043384 49.2801931, -123.1104476 49.2814525, -123.114727 49.2842509, -123.1128688 49.285913, -123.1124396 49.2856225, -123.111914 49.2854196, -123.1089152 49.283453, -123.1039424 49.2824767, -123.0894156 49.2821303, -123.0872376 49.2820988, -123.0852421 49.2826377, -123.0847164 49.2827252, -123.0842067 49.2826972, -123.0822702 49.2825852, -123.0778982 49.2830646, -123.0740197 49.2833865, -123.0727859 49.283488, -123.0683281 49.2842404, -123.0655922 49.2848632, -123.0564834 49.2848352, -123.0566175 49.2795686, -123.0566229 49.2593614, -123.0565907 49.2487767, -123.0561455 49.2487627, -123.0556573 49.2485841)",7 - Dunbar Loop to Nanaimo Stn,
"LINESTRING (-123.0995852 49.282266, -123.0995523 49.2825353, -123.1038968 49.2826366, -123.1087665 49.2834829, -123.1119287 49.2852614, -123.1125724 49.2847225, -123.109343 49.2826089, -123.1043327 49.2816151, -123.0997086 49.2814891, -123.0995852 49.282266, -123.0997515 49.2807087, -123.1000304 49.2746192, -123.1002075 49.2718787, -123.1007278 49.2709337, -123.1011274 49.2641952, -123.0998105 49.2628616, -123.0967742 49.2628021, -123.0951596 49.262543, -123.0890978 49.2625185, -123.0892962 49.2573791, -123.089881 49.2565598, -123.0902028 49.2466609, -123.0903316 49.2411451, -123.0904657 49.2377337, -123.0905354 49.2345358, -123.0907017 49.2280902, -123.0911148 49.2110967, -123.0927241 49.2111352, -123.0933196 49.2111597, -123.0932927 49.2118256, -123.0913776 49.2118151)",8 - Waterfront to SE Marine Drive via Fraser,
"LINESTRING (-123.0255035 49.2650957, -123.0248765 49.2653272, -123.025081 49.2656497, -123.0254753 49.2656479, -123.0255035 49.2650957, -123.0269344 49.2644656, -123.0282823 49.2635913, -123.0303663 49.2622934, -123.0319716 49.2618908, -123.0364201 49.2619031, -123.0430022 49.2619039, -123.0479066 49.261995, -123.0562309 49.2620545, -123.0572944 49.262247, -123.0665762 49.2623249, -123.0697294 49.2623626, -123.0665762 49.2623249, -123.0697215 49.2636925, -123.0697294 49.2623626, -123.0761449 49.2623494, -123.0803976 49.2623844, -123.0900052 49.2624264, -123.0940393 49.2624702, -123.095202 49.2624781, -123.0967416 49.2627205, -123.0981887 49.2627704, -123.1008762 49.2628693, -123.1042424 49.2629612, -123.1077709 49.2630303, -123.1111598 49.2631012, -123.1162507 49.2631922, -123.121312 49.2632938, -123.1256545 49.2633393, -123.1316331 49.2634592, -123.1364236 49.2635511, -123.1441228 49.263664, -123.1512428 49.2637699, -123.1600887 49.2639186, -123.1652224 49.2639992, -123.168433 49.2640543, -123.1744318 49.2641549, -123.1778838 49.2642092, -123.1837659 49.2643072, -123.1857883 49.2643195, -123.1877396 49.2643444, -123.1878026 49.2636132, -123.1858272 49.2636075, -123.1857883 49.2643195, -123.1858272 49.2636075, -123.1878026 49.2636132, -123.1882072 49.2634649, -123.2147472 49.2637072, -123.215256 49.2635474, -123.2292766 49.2630019, -123.2319551 49.2633665, -123.2336322 49.2639476, -123.2365755 49.2655928, -123.2383852 49.2662507, -123.2414469 49.2666421, -123.2487934 49.2657023)",9 - Boundary to Alma via Broadway (Some trips to UBC),
"LINESTRING (-123.1162425 49.2091398, -123.1171974 49.2090767, -123.1171223 49.2102332, -123.1260272 49.2063922, -123.1330333 49.2035515, -123.1332371 49.2029539, -123.1342025 49.2028943, -123.1350072 49.2032027, -123.1402214 49.2050183, -123.1406613 49.2056211, -123.1404897 49.2094272, -123.1402429 49.2165339, -123.1396528 49.2310876, -123.1391486 49.2469957, -123.1385585 49.2647051, -123.1384512 49.2685417, -123.1378826 49.2695638, -123.1351467 49.2714119, -123.1294926 49.2752129, -123.1242784 49.2786147, -123.1229266 49.2795246, -123.121682 49.2803645, -123.1171115 49.2833739, -123.1128683 49.2860474, -123.1098696 49.2841508, -123.1128683 49.2860474, -123.1149899 49.2847107, -123.1120529 49.2827091, -123.1098696 49.2841508)",10 - Waterfront to Marine Dr Stn Via Granville,
"LINESTRING (-123.0266139 49.2811391, -123.0258092 49.2811426, -123.025938 49.2815031, -123.0263913 49.2815346, -123.0265656 49.2814646, -123.0266139 49.2811391, -123.0338237 49.2811741, -123.0408457 49.2811391, -123.0617562 49.2811916, -123.0713961 49.2812406, -123.0780372 49.2813386, -123.0796519 49.2810096, -123.0823717 49.2810831, -123.0961797 49.2813491, -123.1042317 49.2814961, -123.1061897 49.2818705, -123.1093547 49.2825039, -123.1109372 49.2835047, -123.1127933 49.2847084, -123.1137749 49.2851424, -123.1151804 49.2842606, -123.1223688 49.2795958, -123.1230125 49.2792179, -123.1266281 49.2768381, -123.1378076 49.2692255, -123.138226 49.2675523, -123.1383011 49.2668382, -123.1362411 49.2667297, -123.1368044 49.2674998, -123.1379363 49.2678288, -123.1488207 49.2680354, -123.1529782 49.2681054, -123.1541959 49.2680949, -123.1684384 49.2683084, -123.1684867 49.2647099, -123.1683043 49.2641358, -123.1860069 49.2644193, -123.1859264 49.2635722, -123.1863126 49.2635512, -123.1995627 49.2637332, -123.2105115 49.2639047, -123.2152644 49.2638977, -123.2293901 49.2635925, -123.2320145 49.2638469, -123.2337444 49.2645235, -123.2347152 49.2651485, -123.2362279 49.2661183, -123.2379659 49.2667135, -123.2400689 49.2670076, -123.2419574 49.2670354, -123.24891 49.265802)",14 - Kootenay Loop to UBC via Hastings,
"LINESTRING (-123.1163859 49.2091747, -123.1172469 49.2091169, -123.1170859 49.21075, -123.1168204 49.2188621, -123.1166085 49.2239373, -123.1164154 49.2281641, -123.1160104 49.2384625, -123.1160935 49.2386271, -123.1169706 49.2394029, -123.1183037 49.2406445, -123.1182098 49.2424114, -123.1177297 49.2433115, -123.116005 49.2442973, -123.1154793 49.244996, -123.115423 49.2462514, -123.11538 49.2500089, -123.1151977 49.2541704, -123.1150099 49.2591824, -123.1148758 49.2617836, -123.1147363 49.2654278, -123.114731 49.2656974, -123.1146532 49.2667073, -123.1151266 49.2664605)",15 - Marine Dr Stn to Olympic Drive Stn via Cambie,
"LINESTRING (-123.0460095 49.2445425, -123.0455576 49.2442903, -123.044317 49.244602, -123.042064 49.2445319, -123.0416563 49.2452183, -123.0415919 49.2487623, -123.0421927 49.2496167, -123.0438235 49.250261, -123.04436 49.2508773, -123.04436 49.2536365, -123.0441239 49.2785183, -123.0441562 49.2810029, -123.0440515 49.2851872, -123.0438168 49.2853267, -123.0437371 49.285414, -123.043686 49.2857552, -123.0437484 49.2861066, -123.044081 49.2862624, -123.0440515 49.2851872, -123.044081 49.2862624, -123.0440515 49.2851872, -123.044081 49.2862624, -123.0437484 49.2861066, -123.043686 49.2857552, -123.0437371 49.285414, -123.0438168 49.2853267, -123.0440515 49.2851872, -123.0441562 49.2810029, -123.046849 49.280968, -123.0779841 49.2812479, -123.0801299 49.280828, -123.0824259 49.280898, -123.0950215 49.281192, -123.1009868 49.2812759, -123.1042912 49.2813319, -123.1095055 49.2823118, -123.1128314 49.2844813, -123.1138131 49.2850762, -123.1210818 49.2802751, -123.1230667 49.2790922, -123.1338599 49.2717005, -123.1377008 49.2690683, -123.1383446 49.2659879, -123.1385162 49.2607088, -123.153086 49.2609609, -123.1530002 49.2576839, -123.152807 49.2555412, -123.1535151 49.2416882, -123.155339 49.2402592, -123.1555107 49.2362804, -123.1556824 49.2280975, -123.1552532 49.2271587, -123.1552532 49.2249796, -123.1537565 49.2249165, -123.1504681 49.2194368, -123.1484617 49.2157856, -123.1485422 49.2132801, -123.1464985 49.2132276, -123.1435159 49.2131855, -123.1435105 49.2140616, -123.1403884 49.2140213, -123.1403951 49.2137064, -123.1407049 49.213711, -123.1408363 49.2138451, -123.1408605 49.2140213)",16 - 29th Ave Stn to 63rd St Loop via Arbutus (Some trips to PNE (Summer Only)),
"LINESTRING (-123.1162746 49.2091086, -123.1172805 49.2090648, -123.1172402 49.2101284, -123.1218536 49.2081325, -123.1255175 49.2065712, -123.1304528 49.2045734, -123.1282413 49.2054681, -123.1304528 49.2045734, -123.1282413 49.2054681, -123.1285497 49.2057758, -123.1287132 49.2059793, -123.1290295 49.2060919, -123.1294154 49.2061209, -123.1298442 49.2060516, -123.1303589 49.2061857, -123.1304528 49.2045734, -123.1303589 49.2061857, -123.1302892 49.2076612, -123.1301202 49.2130388, -123.1298493 49.2159263, -123.1292002 49.2173191, -123.128586 49.2191814, -123.1285404 49.2206285, -123.1284733 49.2229269, -123.1282936 49.2273798, -123.1281541 49.2316501, -123.1280147 49.2360339, -123.1277947 49.2437882, -123.1274943 49.2514292, -123.1272046 49.2576406, -123.1268023 49.2581903, -123.1267138 49.2606007, -123.1150837 49.2604187, -123.1149496 49.2638705, -123.1148799 49.2656611, -123.1148745 49.2667935, -123.1149013 49.2694013, -123.1147082 49.2734177, -123.1146251 49.2756017, -123.1153412 49.2764609, -123.1165697 49.2771398, -123.117495 49.2778188, -123.1159766 49.2788222, -123.1195282 49.2810874, -123.114727 49.2842509, -123.110048 49.2813393, -123.1165697 49.2771398)",17 - Marine Drive Stn to Downtown via Oak,
"LINESTRING (-123.0025019 49.2257392, -123.0035318 49.2261456, -123.003725 49.2259634, -123.0075122 49.2277221, -123.0047764 49.2302514, -123.0122973 49.2325914, -123.0140783 49.2328366, -123.0160846 49.2328296, -123.0226506 49.2323742, -123.0308689 49.2319889, -123.0326714 49.2324303, -123.0344309 49.2333831, -123.0375315 49.2349313, -123.039806 49.2357019, -123.0452455 49.2361993, -123.0465008 49.2366336, -123.0515863 49.2388332, -123.0588497 49.2421814, -123.0693103 49.2470633, -123.0764235 49.2502009, -123.07961 49.2519097, -123.0910362 49.2572597, -123.0928065 49.2576449, -123.0964006 49.2596895, -123.0975808 49.2609078, -123.0999948 49.2634074, -123.1007887 49.2642966, -123.1007244 49.266677, -123.1004776 49.2709264, -123.0999412 49.2719904, -123.09963 49.280369, -123.1044473 49.280495, -123.1098546 49.2814958, -123.1142641 49.2844353, -123.1182124 49.2869197, -123.1194677 49.2872206, -123.1202938 49.2874655, -123.1268276 49.2893829, -123.1302501 49.2903556, -123.1366981 49.294624, -123.1366445 49.2954146, -123.1361188 49.2960024, -123.1360008 49.2963942, -123.1361188 49.296884, -123.1361591 49.2972233, -123.1358828 49.2976746, -123.1361402 49.2975784, -123.1366096 49.2973519, -123.1369556 49.2971464, -123.1369234 49.2968753, -123.136564 49.2965403, -123.1364326 49.2961944, -123.1366445 49.2954146, -123.1361188 49.2960024, -123.1360008 49.2963942, -123.1361188 49.296884, -123.1361591 49.2972233, -123.1358828 49.2976746, -123.1356896 49.3002843, -123.1354214 49.3002353, -123.1348367 49.3004049, -123.1342842 49.300683, -123.1342064 49.3007163, -123.1341018 49.300753, -123.13402 49.3007434, -123.133788 49.3005868, -123.1336605 49.3004775, -123.1337101 49.300363, -123.1339275 49.3003769, -123.1340482 49.3005641, -123.1342064 49.3007163)",19 - Metrotown Stn to Stanley Park,
"LINESTRING (-123.0649355 49.2103081, -123.0649101 49.2101644, -123.0648081 49.2100487, -123.0645828 49.2101469, -123.0654787 49.2105534, -123.066058 49.2106375, -123.0659722 49.215554, -123.0657952 49.2225863, -123.0655162 49.2337616, -123.0653446 49.2392852, -123.0650013 49.2510695, -123.0654036 49.252197, -123.0665408 49.2531564, -123.0690085 49.2550542, -123.0698077 49.2564617, -123.0698961 49.2768018, -123.0706585 49.2778193, -123.0702997 49.2811276, -123.0779798 49.2811791, -123.0802588 49.2809312, -123.0957105 49.281185, -123.1043803 49.2813846, -123.1092517 49.282324, -123.1119664 49.2839764, -123.1179212 49.2801488, -123.1193617 49.2810917, -123.1137866 49.2849206, -123.1119664 49.2839764, -123.1137866 49.2849206, -123.1193617 49.2810917, -123.1179212 49.2801488)",20 - Downtown to Harrison Loop via Victoria,
"LINESTRING (-122.4487273 49.0573712, -122.4487059 49.0511416, -122.4514847 49.0511135, -122.4522571 49.0512471, -122.4567847 49.0511838, -122.4597137 49.0543479, -122.4597459 49.0576383, -122.4597137 49.054369, -122.4597673 49.0541721, -122.459821 49.0531245, -122.4707107 49.0531386, -122.4707107 49.0605278, -122.4597888 49.0604716, -122.4597244 49.0576594, -122.4559693 49.057568, -122.4383955 49.0571392, -122.4293296 49.0569142, -122.4186222 49.0572235, -122.4020462 49.0576032, -122.3895685 49.0565556, -122.3811776 49.0557847, -122.3812001 49.0413458, -122.3809426 49.0406706, -122.3786788 49.0386591, -122.3783033 49.0377589, -122.3785715 49.0317449, -122.3794191 49.0306335, -122.3797087 49.0302185, -122.3794298 49.0295713, -122.379065 49.0292969, -122.3789577 49.0291, -122.3786144 49.0291563, -122.3764901 49.0284598, -122.375664 49.0296557, -122.3792689 49.0307812, -122.3785608 49.031752, -122.3782925 49.0377589, -122.3786788 49.0386662, -122.3778634 49.0393484, -122.3768441 49.0398477, -122.3769622 49.0401853, -122.3757713 49.0412332, -122.3701815 49.0462193, -122.3811464 49.0462053, -122.3696022 49.0462193, -122.3628323 49.0460013, -122.3574142 49.045938, -122.3539703 49.0469929, -122.3528759 49.0469647, -122.3513953 49.0461349, -122.3503546 49.0458607, -122.3468892 49.0462826, -122.3441212 49.0471476, -122.3363213 49.0500869, -122.3317187 49.0515776, -122.3257642 49.0514581, -122.3099284 49.0508323, -122.309982 49.0496509, -122.3095314 49.0490884, -122.3084156 49.0482797, -122.3084156 49.0480336, -122.3086302 49.0480407, -122.3092579 49.0485047, -122.3091667 49.0486243, -122.3089628 49.0486876)",*21 - Aldergrove to Abbotsford (Some trips via Abbotsford International Airport) (BC TRANSIT, COMPASS CARD DOES NOT WORK. ADDITIONAL FARE REQUIRED),
"LINESTRING (-123.0771356 49.2112948, -123.0767494 49.2112983, -123.0766045 49.2114455, -123.0765884 49.2115576, -123.0770712 49.2120097, -123.0774427 49.2117848, -123.0778356 49.2115738, -123.077896 49.211454, -123.0776988 49.2113167, -123.0771356 49.2112948, -123.0767494 49.2112983, -123.0766045 49.2114455, -123.0765884 49.2115576, -123.0770712 49.2120097, -123.0771088 49.2148517, -123.0771195 49.2194489, -123.0775057 49.2202513, -123.0774575 49.2214391, -123.0770337 49.2338091, -123.0767923 49.2383731, -123.0763738 49.2398476, -123.0761432 49.2495763, -123.075993 49.2531164, -123.0759125 49.2570764, -123.0765723 49.2576506, -123.0773931 49.2580637, -123.0775486 49.2583998, -123.0775486 49.2588724, -123.0775594 49.2631961, -123.0773555 49.2725981, -123.0773743 49.2767093, -123.0829882 49.27684, -123.0773743 49.2767093, -123.0773555 49.2725981, -123.0774176 49.2696994, -123.0809375 49.2697733, -123.0995374 49.2726437, -123.0993634 49.2803977, -123.0973165 49.2803502, -123.0968981 49.2767316, -123.0852359 49.2765041, -123.0844044 49.2765496, -123.0835461 49.2767421, -123.0829882 49.27684, -123.0835461 49.2767421, -123.0844044 49.2765496, -123.0852359 49.2765041, -123.0968981 49.2767316, -123.0973165 49.2803502, -123.1041937 49.2805217, -123.1047355 49.2806197, -123.109703 49.281554, -123.1119989 49.2829993, -123.1145685 49.2846859, -123.1181895 49.2869883, -123.1205337 49.2876112, -123.1209468 49.2871528, -123.1220706 49.2864967, -123.1212807 49.2860917, -123.1200987 49.2859238, -123.1196325 49.2856587, -123.1177305 49.286687, -123.1196325 49.2856587)",22 - Downtown to SE Marine Drive via Knight (Some trips via Terminal Ave),
"LINESTRING (-123.1016849 49.2731813, -123.0986004 49.2728313, -123.1016849 49.2731813, -123.0986004 49.2728313, -123.0986137 49.2748753, -123.1019518 49.2749663, -123.1016849 49.2731813, -123.1022321 49.2767372, -123.1020175 49.2783611, -123.1021462 49.279327, -123.1027041 49.279229, -123.104528 49.279299, -123.1046568 49.278935, -123.1059442 49.2783331, -123.1061803 49.2780531, -123.1077896 49.2786691, -123.1084548 49.2787111, -123.1077896 49.2786691, -123.1076072 49.2785991, -123.1077467 49.2771153, -123.1085917 49.2769368, -123.1146722 49.2742524, -123.1159757 49.2740214, -123.1187759 49.2744133, -123.1159757 49.2740214, -123.1146722 49.2742524, -123.1085917 49.2769368, -123.1077467 49.2771153, -123.1076072 49.2785991, -123.1077896 49.2786691, -123.1084548 49.2787111, -123.1103538 49.2779061, -123.1113945 49.2778571, -123.1124459 49.2778011, -123.113905 49.2768912, -123.1140767 49.2763593, -123.1153212 49.2753933, -123.1163727 49.2746513, -123.1171022 49.2744133, -123.1187759 49.2744133, -123.1204925 49.2741753, -123.1223379 49.2738673, -123.1253205 49.2730553, -123.1265007 49.2731673, -123.1305133 49.2756033, -123.1318866 49.2747073, -123.1341234 49.2762613, -123.1365643 49.2787531, -123.1341234 49.2762613, -123.1318866 49.2747073, -123.1305133 49.2756033, -123.1340429 49.2779971, -123.1380878 49.2807548, -123.1384526 49.2804749, -123.1365643 49.2787531, -123.1384526 49.2804749, -123.1380878 49.2807548, -123.1421433 49.2833164, -123.1427977 49.2845691, -123.142315 49.284884, -123.1427977 49.2845691, -123.1427227 49.2853949, -123.1424276 49.286826, -123.1419314 49.2871707, -123.1403315 49.2861743, -123.1427977 49.2845691, -123.1421433 49.2833164, -123.1380878 49.2807548, -123.1326865 49.2770745, -123.1380878 49.2807548, -123.1421433 49.2833164, -123.1427977 49.2845691, -123.1403315 49.2861743, -123.142315 49.284884)",23 - Main St Station to English Bay,
"LINESTRING (-123.0032485 49.2644632, -123.0003975 49.2644483, -123.0003341 49.2663275, -123.0031775 49.266447, -123.0033599 49.2612589, -123.0041055 49.2594314, -123.0043201 49.2537385, -123.0042128 49.2478698, -123.0041538 49.2477647, -123.005452 49.2475056, -123.0067824 49.2475231, -123.0080698 49.2479083, -123.0092393 49.2488363, -123.010237 49.249253, -123.0110417 49.249323, -123.0151508 49.2488783, -123.0198233 49.2487662, -123.0235006 49.2488494, -123.0234818 49.2506711, -123.0238198 49.2506571, -123.0234818 49.2506711, -123.0235006 49.2488494, -123.0234818 49.2506711, -123.0238198 49.2506571, -123.0234818 49.2506711, -123.0238198 49.2506571, -123.0365924 49.2506151, -123.0461625 49.2506256, -123.0567251 49.2506221, -123.0566875 49.2488117, -123.0559017 49.2488257, -123.0558936 49.2487277, -123.0554913 49.2485701, -123.0554644 49.2488328, -123.0566875 49.2488117, -123.0565749 49.2480379, -123.0565802 49.247418, -123.0565802 49.2477052, -123.0566017 49.246497, -123.0566661 49.2458527, -123.0567197 49.2431631, -123.0580769 49.2419373, -123.0628512 49.2441472, -123.0699376 49.2474355, -123.0723087 49.2485351, -123.0728398 49.2484581, -123.0914865 49.2486577, -123.1119732 49.2489378, -123.1188504 49.2490639, -123.1424002 49.2494876, -123.1483332 49.2496066, -123.1499104 49.2500409, -123.1523619 49.2513575, -123.1535743 49.2516586, -123.1544004 49.2515781, -123.1564603 49.2509303, -123.1634019 49.248241, -123.1652151 49.2480764, -123.1675861 49.2481359, -123.1685249 49.248353, -123.1715236 49.2498763, -123.1724839 49.2499078, -123.1813942 49.2499533, -123.1853424 49.2499778, -123.1852244 49.2578875, -123.2067947 49.2582516, -123.2256077 49.2585387, -123.2277856 49.2583286, -123.2318894 49.2574043, -123.2341747 49.2564975, -123.2364063 49.2557658, -123.2402579 49.2602437, -123.2415454 49.2616125, -123.24441 49.2648962, -123.2465879 49.2674936, -123.2474731 49.2673256)",25 - UBC to Brentwood Stn via King Edward,
"LINESTRING (-123.0445247 49.2444584, -123.0444818 49.2445775, -123.0422287 49.2444724, -123.0488806 49.2376009, -123.0477433 49.2370475, -123.0457585 49.2362839, -123.0449217 49.2360948, -123.0443101 49.2360002, -123.0424647 49.2358618, -123.0443101 49.2360002, -123.042969 49.2353452, -123.0424647 49.2358618, -123.042969 49.2353452, -123.0424647 49.2358618, -123.042969 49.2353452, -123.0431943 49.2344765, -123.0430656 49.2286336, -123.041188 49.2272883, -123.0409305 49.2267208, -123.0415099 49.2155089, -123.0376797 49.2155299, -123.0365746 49.21567, -123.0350833 49.2161957, -123.0348473 49.216469, -123.0339139 49.2158172, -123.0337315 49.215649, -123.0331521 49.2157121, -123.0315106 49.2154808, -123.0302983 49.215635, -123.0300837 49.2151865, -123.0298155 49.2137918, -123.0297511 49.2118504, -123.0293219 49.2112477, -123.0285065 49.2108622, -123.0273478 49.2105748, -123.0267685 49.2113458, -123.0253308 49.2120607, -123.025084 49.2125513, -123.0252557 49.2135115, -123.0255883 49.2141352, -123.0255776 49.2152285, -123.0251484 49.2160485, -123.0251162 49.2174851, -123.0237966 49.2174641, -123.023818 49.2201691, -123.0237966 49.2219701, -123.0253737 49.2220261, -123.0261623 49.2222889, -123.0267544 49.2213284, -123.0268315 49.2207464, -123.0266511 49.2203885, -123.0263205 49.2201569, -123.023818 49.2201691, -123.0237966 49.2219701, -123.0253737 49.2220261, -123.0261623 49.2222889, -123.0269938 49.2225657, -123.0281847 49.2232804, -123.0282812 49.2232104, -123.0287748 49.2227829, -123.0297296 49.2218859, -123.0301695 49.2196435, -123.0307811 49.219153, -123.0322187 49.2189428, -123.0325084 49.2189708, -123.0322831 49.2246748, -123.0320363 49.229075, -123.0321973 49.2292781, -123.0373364 49.2292291, -123.0374973 49.2293762, -123.03739 49.23262, -123.0372184 49.2329983, -123.0374651 49.2330964, -123.0365639 49.2334677, -123.0346327 49.2355133, -123.0319365 49.2382723, -123.0319505 49.2384555)",26 - 29th Ave Stn to Joyce-Collingwood Stn,
"LINESTRING (-123.0316896 49.2383249, -123.0301393 49.2401076, -123.0360938 49.2425312, -123.0339963 49.2445975, -123.0338515 49.2453014, -123.0337389 49.2678107, -123.0337496 49.2698094, -123.0336061 49.2702907, -123.0336208 49.2705724, -123.0336061 49.2702907, -123.0337496 49.2698094, -123.0337469 49.2692371, -123.0336061 49.2694235, -123.0335735 49.2697693, -123.0334123 49.2698632, -123.0332993 49.270006, -123.033334 49.270249, -123.0334345 49.2704037, -123.0335652 49.2704924, -123.0336208 49.2705724, -123.0336798 49.2708489, -123.0336101 49.2774639, -123.0283101 49.2774429, -123.023584 49.2774604, -123.023584 49.281128, -123.0260583 49.2811323, -123.0260624 49.2813484, -123.026399 49.2813493, -123.0264479 49.2811336, -123.0260677 49.2811262)",27 - Joyce-Collingood Stn to Kootenay Loop via Rupert,
"LINESTRING (-123.0315519 49.2384427, -123.0317772 49.2382115, -123.0271745 49.2360679, -123.0234731 49.2343095, -123.0234409 49.2369786, -123.0198896 49.2369856, -123.019836 49.2381344, -123.0198896 49.24883, -123.0173576 49.248886, -123.0174971 49.2497894, -123.0198145 49.2497194, -123.0197609 49.2545375, -123.0198575 49.2546986, -123.0236555 49.2548036, -123.0236018 49.2636892, -123.0219281 49.2636752, -123.0207909 49.2639762, -123.0168212 49.2639062, -123.0155981 49.2644943, -123.0143214 49.2645364, -123.0143214 49.2661046, -123.0235267 49.2656005, -123.0235589 49.2704871, -123.0234624 49.2812176, -123.031627 49.2811966, -123.0318523 49.2852978, -123.0316055 49.2860537, -123.0307472 49.2871453, -123.0266488 49.2907352, -123.026166 49.2920088, -123.026563 49.3032243, -123.0270511 49.3040673, -123.0274856 49.3048823, -123.0297548 49.3047878, -123.0296206 49.3055678, -123.0291057 49.3055119)",28 - Joyce-Collingwood Stn to Phibbs Exchange,
"LINESTRING (-123.0458534 49.2446154, -123.0454471 49.24433, -123.0446062 49.2442547, -123.0445633 49.2445979, -123.0496809 49.2446819, -123.0497882 49.2443947, -123.0542729 49.2398558, -123.0554959 49.2397718, -123.0554852 49.2328085, -123.0551526 49.2320939, -123.0551955 49.2307628, -123.0551419 49.2296348, -123.0546055 49.2285488, -123.0548093 49.2233988, -123.0549917 49.2189071, -123.0547557 49.2184656, -123.0557105 49.2176316, -123.055099 49.2168818, -123.055099 49.2161109, -123.0568263 49.213658, -123.0582747 49.2121021, -123.0591867 49.2116255, -123.0594656 49.2124595, -123.0593691 49.2129361, -123.057859 49.2129344, -123.0575868 49.2128393)",29 - 29th Ave Stn to Fraserview Dr via Elliott,
"LINESTRING (-123.0029714 49.226004, -123.00354 49.2262772, -123.003776 49.2261091, -123.0073165 49.2277556, -123.0122304 49.2232152, -123.0125629 49.2224724, -123.0126059 49.2219679, -123.0236673 49.2220029, -123.0236351 49.2202651, -123.0236887 49.217504, -123.0251908 49.2175531, -123.0252122 49.2161304, -123.0256736 49.2151843, -123.0256736 49.214049, -123.025341 49.2134883, -123.0251908 49.2125281, -123.0254268 49.2120656, -123.0268323 49.2114137, -123.0275511 49.2103484, -123.0278623 49.2098788, -123.0284631 49.2093881, -123.0292034 49.2091779, -123.0300402 49.2091709, -123.0307698 49.2088625, -123.0309844 49.2083368, -123.031038 49.2080984, -123.0341601 49.208484, -123.0375826 49.2083087, -123.0389559 49.2078181, -123.0361557 49.2067667, -123.0340313 49.206998, -123.0309843 49.2068858, -123.0308556 49.2068735, -123.0340313 49.206998, -123.0334788 49.2065003, -123.032819 49.2061288, -123.0310165 49.2058905, -123.0285971 49.2057152, -123.0275377 49.2059921, -123.0270937 49.2062848, -123.0282665 49.2066133, -123.0309843 49.2068858, -123.0340313 49.206998)",31 - Metrotown Stn to River District,
"LINESTRING (-123.0459256 49.2445816, -123.045467 49.2442962, -123.0446596 49.2442192, -123.0446194 49.2445659, -123.0496485 49.2446359, -123.0497639 49.2443785, -123.0542431 49.2398151, -123.0545784 49.2397468, -123.0572472 49.2397748, -123.0644489 49.2398116, -123.0654709 49.2400778, -123.0778251 49.2402126, -123.1033463 49.2405558, -123.1061734 49.2406364, -123.1069861 49.2410392, -123.1081609 49.2421179, -123.1110738 49.2446937, -123.1115432 49.2449353, -123.1123103 49.2451087, -123.1155772 49.2452277, -123.1155075 49.248924, -123.1153036 49.2540643, -123.11525 49.2569283, -123.1161914 49.2569458, -123.1211911 49.2570596, -123.1273521 49.2571507, -123.1277008 49.2570596, -123.1315793 49.2570824, -123.131987 49.2571472, -123.1328265 49.2575463, -123.13424 49.2579297, -123.1363 49.2579612, -123.1370403 49.2578089, -123.1385477 49.2570474, -123.1402106 49.2570824, -123.1470288 49.2571909, -123.160228 49.2574062, -123.1647502 49.2575183, -123.1652866 49.2576303, -123.1790544 49.2578281, -123.1867979 49.2579647, -123.1974248 49.2581257, -123.2096101 49.258348, -123.2153876 49.2584356, -123.2257087 49.2585844, -123.2293404 49.2581345, -123.2317678 49.2574868, -123.2330902 49.2570316, -123.2332564 49.2569476, -123.2335488 49.2568443, -123.2340101 49.2566272, -123.2347504 49.2563226, -123.2363625 49.2558675, -123.2368399 49.2563139, -123.2375024 49.2571594, -123.238814 49.2586544, -123.240434 49.2605292, -123.2439451 49.2646023, -123.2461713 49.267121, -123.2466702 49.2676023, -123.2475741 49.267359)",33 - UBC to 29th Ave Stn via 16th & 33rd Ave,
"LINESTRING (-123.0319283 49.2381277, -123.0369708 49.233266, -123.0385801 49.2329437, -123.0464551 49.2329858, -123.0489227 49.2327896, -123.0645439 49.2328877, -123.0669257 49.2324813, -123.0698869 49.2325514, -123.0764315 49.2326635, -123.1007216 49.2330558, -123.1274149 49.2339245, -123.1696007 49.2347932, -123.1742785 49.2346811, -123.193746 49.2346637, -123.1938586 49.2337949, -123.1956262 49.2344342, -123.1956624 49.2346488, -123.193746 49.2346637)",41 - Joyce-Collingwood Stn to Crown St via 41st Ave,
"LINESTRING (-123.1860023 49.2634793, -123.1878799 49.2635178, -123.1878423 49.2644175, -123.185938 49.2643544, -123.1860023 49.2634793, -123.185938 49.2643544, -123.1858092 49.2686846, -123.1992954 49.2688946, -123.2000196 49.2687511, -123.2004112 49.2688946, -123.2011407 49.2689051, -123.2017254 49.2690171, -123.202219 49.2693811, -123.2023102 49.2697487, -123.2021761 49.2708057, -123.2022833 49.2711802, -123.2027983 49.2717403, -123.2037264 49.2721568, -123.2056468 49.2728358, -123.2056737 49.2744493, -123.2057058 49.2748203, -123.2061779 49.2748378, -123.2087207 49.2744458, -123.2102066 49.2744843, -123.2143855 49.2756848, -123.2154476 49.2760802, -123.2154799 49.2762902, -123.2155281 49.2763278, -123.2156139 49.2763409, -123.2156998 49.2763182, -123.2157239 49.2762876, -123.2157426 49.2762429, -123.2156997 49.2761659, -123.2154476 49.2760802)",42 - Spanish Banks to Alma (Summer Only),
"LINESTRING (-123.2477734 49.2675797, -123.2470063 49.2678387, -123.2476232 49.2688748, -123.2480309 49.270534, -123.2484064 49.2718045, -123.2490716 49.2732781, -123.2444421 49.2736526, -123.2388953 49.2732746, -123.2356283 49.2726655, -123.230516 49.271227, -123.2270238 49.2696414, -123.2248512 49.2687908, -123.2222065 49.2687698, -123.2193151 49.2691233, -123.2167885 49.2692283, -123.2114187 49.2690883, -123.2063547 49.2689938, -123.2046703 49.2685773, -123.2032809 49.2682798, -123.2022777 49.2682342, -123.2009044 49.2684688, -123.1995203 49.2687978, -123.1924554 49.2686403, -123.1901594 49.2686298, -123.1891026 49.2687033, -123.1818231 49.2685843, -123.1679346 49.2684058, -123.1600114 49.2682973, -123.1542339 49.2682167, -123.1508114 49.2681677, -123.145919 49.2680942, -123.1459137 49.2683218, -123.1456455 49.272228, -123.1445619 49.273061, -123.1412252 49.2742091, -123.1360055 49.275889, -123.1336398 49.276638, -123.1324221 49.2770719, -123.1287796 49.2795567, -123.1240053 49.2826677, -123.1212426 49.2845154, -123.1211139 49.2845924, -123.118083 49.2866079, -123.1146551 49.2843894, -123.1141455 49.2840675, -123.1123269 49.2854217, -123.114765 49.2870295, -123.116424 49.2877215, -123.118083 49.2866079, -123.1185121 49.2868143, -123.1324494 49.2908271, -123.1381271 49.294853, -123.1374733 49.2959329, -123.1374632 49.2967049, -123.1382585 49.2974933, -123.1399778 49.2980905, -123.1415178 49.2987164, -123.1435298 49.2998739, -123.1456873 49.302301, -123.1463509 49.3038074, -123.1466712 49.3056775, -123.1464321 49.3070814, -123.1456693 49.3098151, -123.1301088 49.3261981, -123.1335931 49.327076, -123.1357901 49.3269748, -123.1454935 49.326527, -123.1525331 49.3275611, -123.1550048 49.3278947, -123.1588237 49.3285756, -123.1644031 49.3286741, -123.1724024 49.3311396, -123.1749277 49.3329804, -123.182499 49.3349346)",44 - Downtown to UBC (Some trips to Dundarave when school in session),
"LINESTRING (-123.0120109 49.2218841, -123.0118823 49.2227706, -123.0075478 49.2272447, -122.9975913 49.2230193, -122.9971622 49.2224447, -122.9971622 49.2218701, -123.0233191 49.2218982, -123.0250572 49.2218701, -123.0267738 49.2222906, -123.0297135 49.2241545, -123.0316876 49.224645, -123.0382322 49.2247571, -123.0578016 49.2248552, -123.0590676 49.2250934, -123.0944084 49.2255138, -123.108034 49.2258221, -123.1279252 49.2265368, -123.1372593 49.2268591, -123.140478 49.2269992, -123.1676219 49.2273355, -123.170741 49.2273448, -123.1711564 49.22727, -123.1744579 49.2284773, -123.1783389 49.2300348, -123.1839711 49.2301831, -123.1854057 49.2306308, -123.1853314 49.2347292, -123.196345 49.2346864, -123.2102283 49.2384964, -123.2232451 49.2401593, -123.2290689 49.242279, -123.2336126 49.2449638, -123.2316795 49.2472028, -123.2321506 49.249261, -123.2329657 49.2511727, -123.2344713 49.2534693, -123.2364063 49.2557658, -123.2466867 49.2676851, -123.2475271 49.267338)",49 - UBC to Metrotown Stn via 49th Ave,
"LINESTRING (-123.1112137 49.2847294, -123.103988 49.2833182, -123.1023192 49.2832213, -123.102286 49.2794304, -123.1023698 49.2791972, -123.1048549 49.2792489, -123.1076041 49.2797371, -123.1076149 49.2811334, -123.1100342 49.2815813, -123.1095514 49.2824772, -123.1091678 49.2835191, -123.110179 49.2840711, -123.1112137 49.2847294, -123.1122443 49.2853851, -123.1128736 49.2856204, -123.1214819 49.2803845, -123.1229732 49.2793871, -123.1233648 49.2791841, -123.1287078 49.2756634, -123.1376663 49.2696328, -123.1382833 49.2687332, -123.1383744 49.266836, -123.136175 49.266773, -123.1361965 49.2673296, -123.1372265 49.2678966, -123.1392704 49.2679806, -123.1383228 49.2679424, -123.1383194 49.2679969, -123.1385565 49.2673236, -123.1386073 49.2670808, -123.1388513 49.2668801, -123.1394621 49.2667773, -123.1402393 49.2670736, -123.140995 49.2670618, -123.1409762 49.2680611, -123.1392704 49.2679806, -123.1409762 49.2680611, -123.1408045 49.2697098, -123.1391255 49.2696608, -123.1375751 49.2692793, -123.1373069 49.2686387, -123.1363682 49.2678861, -123.1328974 49.266857, -123.1302098 49.2664159, -123.1279353 49.2663704, -123.1273559 49.2662549, -123.1208328 49.2662094, -123.1202803 49.2662864, -123.1200335 49.2664194, -123.1200228 49.2665314, -123.1204627 49.2665069, -123.120586 49.2659469, -123.1162677 49.2659469, -123.1151266 49.2664605)",50 - Waterfront Stn to Olympic Village Stn via Granville Island,
"LINESTRING (-122.8949199 49.2477193, -122.8943942 49.2474706, -122.8943835 49.2480519, -122.8952326 49.2481016, -122.895864 49.2485072, -122.8959284 49.2489799, -122.8979991 49.2483741, -122.8988896 49.2478488, -122.8992597 49.2475827, -122.899308 49.2462555, -122.899882 49.2458913, -122.9005525 49.2459858, -122.9006491 49.2457442, -122.9004077 49.2455341, -122.8973071 49.2446516, -122.8915779 49.2417413, -122.8816751 49.2355839, -122.8788266 49.2346767, -122.8689025 49.2331425, -122.8544722 49.2315241, -122.8423486 49.2303926, -122.826942 49.2283888, -122.8232459 49.2278633, -122.8185199 49.2265286, -122.816991 49.2254425, -122.8147594 49.2233299, -122.8141479 49.2220862, -122.8128068 49.2193813, -122.8098617 49.2122014, -122.8070132 49.2099165, -122.7985857 49.2018975, -122.7934734 49.1973652, -122.7915368 49.1962575, -122.7880821 49.1947466, -122.7777556 49.1922225, -122.7635721 49.1885693, -122.7503006 49.1856592, -122.7291272 49.1800384, -122.7082489 49.1745958, -122.6663796 49.1635755, -122.660071 49.1618321, -122.6609776 49.1602535, -122.6606182 49.1601974, -122.6601461 49.161113, -122.659835 49.1610499, -122.6606504 49.1594221, -122.6609347 49.1594677, -122.660704 49.1601343, -122.6609776 49.1601588, -122.6600818 49.1618391, -122.6447342 49.1577558, -122.6159058 49.1499283, -122.5955532 49.1419347, -122.5643913 49.1296961, -122.5294582 49.1159693, -122.4877016 49.0995765, -122.3876176 49.0600909, -122.380558 49.0571891, -122.3791633 49.0563525, -122.3790882 49.0561486, -122.3798982 49.0558603, -122.381191 49.0559411, -122.38147 49.0569712, -122.3815505 49.0578359, -122.3812715 49.0598958, -122.3812554 49.0600892, -122.3812447 49.060511, -122.3766957 49.0604758, -122.3761163 49.0602825, -122.375832 49.0597834, -122.3759232 49.0590663, -122.3801611 49.0590592, -122.3808424 49.0588483, -122.3813734 49.0588905, -122.3815505 49.0578359, -122.38147 49.0569712, -122.381191 49.0559411, -122.3811776 49.0557847, -122.3792169 49.0556072, -122.3771731 49.0556318, -122.3764864 49.0558111, -122.3716746 49.0537299, -122.3517732 49.0453032, -122.336341 49.0370988, -122.3338358 49.0363554, -122.3248076 49.0359775, -122.3136179 49.0353615, -122.3002829 49.0345474, -122.2929088 49.0343008, -122.2930281 49.0326208, -122.2907252 49.0323817, -122.2906449 49.0323688, -122.2907006 49.0324843, -122.2908609 49.0326982, -122.291251 49.0329223, -122.291802 49.0331112, -122.2929255 49.0331654, -122.2929088 49.0343008, -122.235686 49.0334802, -122.2284436 49.0353122, -122.2191404 49.0391131, -122.1764879 49.0575662, -122.1262356 49.0882565, -122.0995236 49.1221299, -122.086573 49.1261418, -122.0730565 49.1361203, -122.0704134 49.1367836, -122.03639 49.1415509, -122.0257375 49.1428535, -122.0195478 49.1444924, -122.0103108 49.144222, -122.0076664 49.1438479, -122.0068378 49.1435906, -122.0069599 49.1466201, -122.0063342 49.1464224, -122.0062574 49.1454253, -122.0057469 49.1449969, -122.0042257 49.144909, -122.0018236 49.1450756, -121.9998608 49.1451097, -121.9801468 49.1447412, -121.9793155 49.1448004, -121.9787161 49.1451065, -121.9776875 49.1453283, -121.977603 49.140037, -121.9727006 49.1400025, -121.9663708 49.1397256, -121.9655555 49.1395791, -121.9650621 49.1393062, -121.9642468 49.1383104, -121.963571 49.1380441, -121.9587699 49.1380302, -121.9589489 49.1388077, -121.9593424 49.1396976, -121.9621822 49.1450091, -121.963495 49.1474964, -121.9643788 49.1499837, -121.9636431 49.1527051, -121.9611079 49.1552448, -121.9586813 49.1581707, -121.9587552 49.1627768, -121.9589454 49.1647562, -121.9585561 49.1670021, -121.9576051 49.1681531, -121.9560103 49.1690095, -121.9551237 49.1684068, -121.9566009 49.1675021, -121.9570712 49.1668884, -121.9574029 49.1666587, -121.9586358 49.1665413)",*66 - FVX Lougheed Town Ctr Stn to Chilliwack (BC TRANSIT, COMPASS CARD DOES NOT WORK. ADDITIONAL FARE REQUIRED),
"LINESTRING (-123.247565 49.2674686, -123.2469661 49.2678084, -123.2475777 49.2688375, -123.2480605 49.2709306, -123.2490261 49.2731637, -123.2529743 49.2719107, -123.2551522 49.2705176, -123.2588644 49.2685925, -123.2573409 49.2668212, -123.2589073 49.2662542, -123.258167 49.265435, -123.2579417 49.265372, -123.2537682 49.2602329, -123.2552488 49.2596797, -123.2548196 49.2592876, -123.2541759 49.2577332, -123.2548196 49.2592876, -123.2552488 49.2596797, -123.2537682 49.2602329, -123.2526309 49.2606075, -123.2516224 49.2597515, -123.2506676 49.2585314, -123.2516224 49.2597515, -123.2526309 49.2606075, -123.2537682 49.2602329, -123.2526309 49.2606075, -123.2537682 49.2602329, -123.2552488 49.2596797, -123.2548196 49.2592876, -123.2541759 49.2577332, -123.2538755 49.25718, -123.253221 49.2568088, -123.2519658 49.2563607, -123.2497449 49.254442, -123.2480497 49.2553873, -123.2506676 49.2585314, -123.2487686 49.2591616, -123.2458074 49.2600859, -123.2410974 49.2542039, -123.2396061 49.2524532, -123.2385547 49.2518929, -123.2360441 49.2510875, -123.2355936 49.2516968, -123.2347567 49.2522536, -123.2337911 49.2525512, -123.236248 49.2557165)",68 - UBC Loop to Wesbrook Village,
"LINESTRING (-123.1159505 49.20944, -123.1153872 49.2095767, -123.1152317 49.2105089, -123.115339 49.210989, -123.1144538 49.2111853, -123.1104895 49.2120964, -123.1096688 49.2122751, -123.1090841 49.2124398, -123.1079843 49.212566, -123.106536 49.2124503, -123.1052002 49.2121209, -123.1039181 49.211739, -123.101134 49.2109435, -123.0990043 49.2108243, -123.0979207 49.2109259, -123.0967834 49.2111152, -123.0894342 49.2111152, -123.0723592 49.2111187, -123.0694142 49.2108769, -123.0585673 49.2072531, -123.0572906 49.2071059, -123.053396 49.2073828, -123.0444535 49.2080417, -123.041015 49.208266, -123.0395719 49.2080137, -123.0364874 49.206745, -123.0358919 49.2066854, -123.0347869 49.206801, -123.0341378 49.2068676, -123.0334297 49.2063805, -123.0330059 49.2061001, -123.0320564 49.2059213, -123.0285105 49.2056339, -123.0274913 49.2059178, -123.0269548 49.2062858, -123.0280867 49.2066468, -123.0310425 49.2069693, -123.0336282 49.2070674, -123.0341431 49.2068711)",80 - Marine Dr Stn to River District via Marine Dr,
"LINESTRING (-123.081336 49.2652312, -123.0794002 49.2651783, -123.0794491 49.2658815, -123.0808559 49.2661676, -123.0812985 49.2660538, -123.081336 49.2652312, -123.089447 49.2667504, -123.0962599 49.2668834, -123.100766 49.2691027, -123.1089413 49.2693547, -123.1163228 49.2660013, -123.1286824 49.2660083, -123.1337893 49.2661763, -123.1353665 49.2666664, -123.1374264 49.2678776, -123.1393469 49.2679266, -123.1618238 49.2682836, -123.1748109 49.2683657, -123.1993854 49.2688367, -123.201896 49.2681996, -123.2035375 49.2683396, -123.2061209 49.2689543, -123.2179356 49.2691447, -123.2236541 49.2685286, -123.2252634 49.2688157, -123.2316685 49.2716579, -123.2360888 49.2728409, -123.2423222 49.2735409, -123.2472253 49.2734219, -123.248663 49.2731279, -123.2479227 49.2709788, -123.247387 49.2687908, -123.2468176 49.2676885, -123.2473755 49.2673735)",84 - UBC to VCC-Clark Stn via 4th Ave,
"LINESTRING (-123.0233948 49.2661997, -123.0233804 49.2654766, -123.0251576 49.2651385, -123.0268452 49.2643504, -123.0300486 49.2621999, -123.0319492 49.2617917, -123.0438183 49.2620357, -123.056095 49.2621385, -123.0572701 49.2623233, -123.066387 49.2622696, -123.0704398 49.2622856, -123.0698632 49.2622946, -123.066387 49.2622696, -123.0697868 49.2637624, -123.0698632 49.2622946, -123.0704398 49.2622856, -123.0949288 49.2626168, -123.0965382 49.2629108, -123.1226307 49.2634569, -123.1401831 49.263737, -123.1728202 49.2642831, -123.1862098 49.2645072, -123.1861239 49.263667, -123.2158857 49.2640731, -123.229962 49.263751, -123.2315069 49.263947, -123.2332781 49.2643458, -123.235541 49.2660334, -123.2365709 49.2665515, -123.23906 49.2670976, -123.2402617 49.2672796, -123.2424289 49.2671256, -123.2455188 49.2665515, -123.2465488 49.2678117, -123.2475431 49.2673835)",99 - UBC to Commercial-Broadway Stn via Broadway (Some trips to Boundary),
"LINESTRING (-122.9493544 49.1997852, -122.9502985 49.1995013, -122.9504809 49.1995679, -122.9532007 49.1981202, -122.9552606 49.1981763, -122.9557702 49.1981377, -122.9569665 49.1984532, -122.9574117 49.1988493, -122.9591444 49.1997116, -122.9599867 49.2005248, -122.9612097 49.2017341, -122.962052 49.2022984, -122.964584 49.2031571, -122.9674486 49.2040474, -122.9673359 49.2044154, -122.9683981 49.205176, -122.9684624 49.2057332, -122.9683981 49.205176, -122.9673359 49.2044154, -122.9674486 49.2040474, -122.9712227 49.2047883, -122.9674486 49.2040474, -122.9673359 49.2044154, -122.9683981 49.205176, -122.9684624 49.2057332, -122.9703453 49.2057367, -122.9684624 49.2057332, -122.9703453 49.2057367, -122.9684624 49.2057332, -122.9703453 49.2057367, -122.9684624 49.2057332, -122.9703453 49.2057367, -122.9684624 49.2057332, -122.9683981 49.205176, -122.9673359 49.2044154, -122.9674486 49.2040474, -122.9712227 49.2047883, -122.9749983 49.2050623, -122.9722497 49.2055124, -122.9703453 49.2057367, -122.9722497 49.2055124, -122.9749983 49.2050623, -122.9712227 49.2047883, -122.9602799 49.1959583, -122.9597337 49.1957142, -122.9589027 49.1955922, -122.9575002 49.1959097, -122.9532007 49.1981202, -122.9575002 49.1959097, -122.9589027 49.1955922, -122.9597337 49.1957142, -122.9602799 49.1959583, -122.9712227 49.2047883, -122.9749983 49.2050623, -122.9722497 49.2055124, -122.9752109 49.2050253, -122.975404 49.2050007, -122.9755918 49.2050708, -122.9772762 49.2051795, -122.9781774 49.2053477, -122.9796741 49.2058734, -122.9808489 49.2062099, -122.9814551 49.2062625, -122.9844216 49.2062905, -122.9864332 49.2065814, -122.9880694 49.2067531, -122.9900542 49.2068162, -122.9916635 49.2069143, -122.9930315 49.2071422, -122.9944852 49.2073805, -122.9978273 49.2077134, -123.0007294 49.208155, -123.0021134 49.2083968, -123.0035833 49.2088805, -123.0050907 49.2092204, -123.0061636 49.2091678, -123.0100474 49.2092379, -123.0132929 49.2092484, -123.0149344 49.2086842, -123.0181155 49.2082952, -123.0193386 49.208134, -123.0218491 49.2081585, -123.024247 49.2081585, -123.0264357 49.2079377, -123.0283186 49.2078326, -123.0322936 49.2083057, -123.0340639 49.2085405, -123.0375561 49.2083653, -123.0388865 49.2079307, -123.039541 49.2079623, -123.0408231 49.208183, -123.0426577 49.208134, -123.0477915 49.2077204, -123.0499694 49.2075137, -123.0541322 49.2072823, -123.0573294 49.207058, -123.0585954 49.2071982, -123.0605641 49.2078116, -123.0662075 49.209711, -123.0697856 49.210857, -123.0727038 49.2110778, -123.0792377 49.2110673, -123.0881158 49.2110673, -123.0947945 49.2110673, -123.0969563 49.2110252, -123.0988232 49.2107974, -123.1010923 49.210857, -123.1044719 49.2118768, -123.1072989 49.2124831, -123.1081197 49.2125111, -123.1109897 49.2119364, -123.1137201 49.2111724, -123.1152061 49.2109026, -123.1151364 49.2105556, -123.115308 49.2095323, -123.1166706 49.2092449, -123.1171266 49.2092905, -123.1170515 49.2103454, -123.1188271 49.2096024, -123.1199804 49.2090417, -123.1234512 49.2075732, -123.129277 49.2051655, -123.1340298 49.2033078, -123.1350491 49.2032693, -123.1401345 49.2050743, -123.1405422 49.2056386, -123.1404081 49.2085475, -123.1404765 49.2070485, -123.1346776 49.2069827, -123.1404765 49.2070485, -123.1404081 49.2085475, -123.1346253 49.2085335, -123.1347379 49.2048465, -123.1347755 49.2031186, -123.1339816 49.2028417, -123.1332547 49.2029118, -123.1332132 49.2035357, -123.129277 49.2051655)",100 - 22nd St Stn to Marpole Loop via Marine Drive (Some trips via Trapp Rd or 71st Ave),
